𛆂𛅽𛈁𛈍𛉾	2
𛊌𛊢𛆠𛉤𛈣𛊤𛆽𛇮𛆑	2
𛉩𛋡𛊨𛈣𛊟𛊚𛆰𛇪𛊗𛆹	2
𛊄𛈰𛋂𛇫𛅼𛆞𛆄𛋓𛉾𛋙	2
𛆳𛈷𛋂𛉂𛆱𛊩𛇆𛆤𛆈𛅳	2
𛇤𛇼𛊭𛇳𛅱𛇃𛈁𛊃𛈛𛇭𛇥𛅲𛉥𛈰	1
𛊤𛇭𛋅𛆃𛅳𛈗𛆅𛊤𛇎𛈩𛋬𛆚𛇶𛇹	2
𛆶𛈔𛆐𛇏𛆌𛉸𛈐𛅳𛅳𛊦𛉫𛆚𛇩𛊝	0
𛉟𛇈𛈨𛋥𛆭𛈷𛉬𛇊𛋃𛋵𛈣𛆳𛊃𛈔	0
𛈚𛇂𛊢𛆧𛆳𛆠𛇙𛆸𛊙𛆱𛉆𛆳𛊎𛈛	0
𛊸𛊩𛉊𛈌𛋗𛆶𛋟𛇄𛆭𛇳𛉊𛅵𛆙𛈷	0
𛉟𛇈𛋆𛋊𛆊𛅱𛇠𛇯𛊡𛋓𛆤𛉈𛆳𛇮	0
𛇍𛊸𛇁𛊩𛇹𛆳𛉽𛅵𛅱𛆸𛋙𛉌𛇥𛇹	0
𛆌𛉸𛋒𛇤𛋒𛋍𛊪𛊤𛇕𛈌𛇰𛇥𛇫𛋭	2
𛇃𛋅𛆌𛉸𛆄𛆳𛇲𛇏𛈑𛊃𛈆𛈛𛇝𛉲	2
𛈄𛊪𛆼𛇹𛊤𛊐𛆻𛉿𛊐𛊪𛋐𛆌𛉸𛈐	2
𛆜𛇃𛅻𛋱𛊶𛈷𛉰𛆎𛈿𛇄𛆕𛅸𛇄𛇔	0
𛋪𛆁𛊶𛅱𛈣𛆧𛆫𛇓𛇓𛊱𛈡𛅽𛋣𛊤	1
𛆱𛈾𛋫𛆱𛈿𛇋𛋙𛊯𛊯𛋆𛅸𛉸𛊫𛊫	1
𛅰𛇤𛉸𛋀𛊫𛊫𛇆𛆣𛇝𛇹𛋙𛈶𛅳𛈉	1
𛋪𛆁𛇓𛇓𛊀𛆱𛈾𛊀𛆻𛆱𛈾𛇤𛊯𛆻	1
𛋳𛊯𛋳𛇣𛈶𛋳𛈉𛊯𛅹𛆱𛈾𛇤𛊈𛉟	1
𛊈𛉟𛇾𛆝𛇾𛋟𛅳𛉊𛇭𛇮𛆝𛆦𛇮𛋟	1
𛉾𛋐𛇾𛉅𛇭𛇾𛆠𛋶𛊥𛋀𛈔𛅿𛈖𛋛	1
𛅿𛈖𛇜𛈻𛋶𛈔𛈌𛉊𛇭𛊎𛆝𛆦𛊎𛋟	1
𛈉𛋋𛇾𛇃𛇕𛊺𛆹𛊤𛆈𛈊	1
𛆗𛇊𛈈𛇾𛇃𛅾𛇊𛊸𛉘𛉶	1
𛇪𛇈𛆱𛇏𛉑𛊨𛊕𛇄𛉝𛇋	1
𛇄𛊝𛆉𛉄𛇀𛉘𛆈𛆼𛋳𛈰	2
𛆼𛊶𛊊𛆒𛆊𛉸𛈣𛈻𛇘𛇈𛈻𛆳𛉰𛉊	0
𛉰𛋀𛉊𛇤𛆁𛆋𛆙𛆁𛆹𛊘𛇛𛅸𛆈𛈣	0
𛆼𛋜𛊤𛆑𛇮𛇮𛅿𛅱𛋜𛉄𛊢𛉄𛈊𛈊	2
𛆊𛋜𛆭𛋔𛈛𛈽𛊊𛈗𛋜𛉝𛋒𛉄𛆊𛇘	1
𛈕𛋜𛈕𛆑𛇤𛇐𛉬𛆜𛋜𛋙𛇚𛆽𛆒𛋆	1
𛅲𛋜𛅲𛇚𛅲𛈖𛋉𛅴𛋜𛇕𛆱𛇎𛉚𛉹	1
𛆆𛋜𛊨𛉵𛆑𛆪𛋮𛅵𛋜𛊬𛉴𛉚𛋨𛈣	1
𛉊𛇯𛈄𛅵𛈛	2
𛉅𛉊𛆭𛇩𛆦𛆝𛆑𛇮𛈫𛉵𛊸𛇾𛇃𛈰	0
𛆄𛇇𛈰𛆈𛇃𛉆𛇳𛊉𛉓𛊎𛅳𛈉𛇆𛅻	0
𛉚𛆖𛉹𛈌𛉉𛆳𛇂𛇼𛈡𛆭𛆈𛇮𛇐𛇤	0
𛇠𛆸𛉵𛈈𛆳𛉵𛇷𛋟𛇭𛇃𛇳𛇋𛉓𛊵	0
𛉢𛊂𛈽𛆌𛇕𛆳𛋥𛊢𛉴𛋳𛆼𛅸𛈒𛆂	0
𛈱𛇩𛇐𛋠𛋪𛋝𛈣𛆄𛇇𛊌𛈺𛆳𛇐𛉊	0
𛈌𛅸𛇋𛊌𛇂𛇄𛈯𛈌𛋠𛋝𛇃𛋷𛈨𛊝	0
𛊝𛇃𛋳𛋳𛈉𛉝𛉍𛊐𛊍𛈨𛉵𛇯𛇐𛋗	0
𛆳𛆍𛋙𛇃𛆺𛅳𛈘𛋝𛇃𛊺𛊭𛋪𛈌𛋙	0
𛊌𛈌𛊻𛅸𛉹𛉝𛆦𛉝𛆈𛇾𛇃𛈌𛊻𛇏	2
𛈏𛈏𛉅𛉖𛆉𛈄𛉄𛇮𛈫𛊌𛈌𛇯𛇃𛇾	2
𛈌𛇋𛆨𛋺𛊺𛆠𛉸𛇃𛉓𛈣𛇇𛇧𛊝𛈊	2
𛉲𛉄𛇋𛈊𛆳𛉫𛆌𛉼𛆈𛇪𛊾𛆣𛆳𛇝	1
𛈌𛆤𛆼𛇴𛇯𛆉𛊝𛆝𛆝𛉲𛈌𛋰𛇃𛉹	1
𛈌𛈀𛇮𛅳𛊾𛇝𛇃𛈌𛇃𛇮𛆥𛊾𛉓𛅳	1
𛅳𛇏𛅻𛅻𛇯𛊝𛆱𛈌𛇃𛆥𛆥𛈈𛉵𛊝	1
𛉵𛅽𛋆𛊤𛆑𛈔𛊸𛇦𛆱𛇂	1
𛈤𛇥𛇠𛇏𛈌𛉍𛈛𛆳𛆍𛈫	1
𛇏𛊯𛆷𛋪𛇰𛇤𛈌𛊤	2
𛋂𛆠𛇈𛉍𛊭𛇋𛇝𛋒	1
𛆇𛈀𛊍𛉎𛈕𛇴𛆝𛆌	2
𛊭𛇇𛇂𛊶𛈗𛆸𛋔𛊰	2
𛆿𛉍𛈼𛊗𛉍𛋒𛋈𛇾	1
𛅿𛇈𛇄𛆶𛋳𛆳𛇆𛇩	1
𛅵𛆹𛇄𛆄𛆷𛇚𛋗	2
𛈤𛉲𛋧𛆱𛇤𛆨𛋷𛈶𛈷𛆱𛊻𛊻𛆆	2
𛇏𛆳𛇥𛋂𛈶𛇚𛈤𛇾	2
𛅸𛆳𛇥𛈛𛈶𛉴𛈤𛉀	2
𛊸𛆹𛋝𛊗𛊄𛇯𛋀𛉂	2
𛅻𛇐𛆈𛉌𛆽𛉤𛇴𛅱𛊯𛊭	1
𛊤𛅿𛈶𛉢𛆱𛉚𛇤𛇯𛇪𛉼	2
𛆄𛆱𛉑𛉅𛊝𛇩𛆭𛉿	2
𛇯𛊸𛊶𛆷𛋈𛅺𛇯𛈕𛋥𛆷𛈰𛊁	2
𛉺𛈿𛊵𛇵𛋗𛈨𛋱𛆑𛉍𛊭	1
𛈋𛆑𛉍𛇮𛋝𛆷𛈶	2
𛅻𛈉𛆔𛇄𛇮𛉑𛋗𛊭𛆨𛅹	1
𛊪𛅽𛈌𛋙𛋜𛆱𛈿𛇵𛆙𛆿	1
𛉻𛉶𛇏𛋳𛉍𛊐𛆑𛇈𛈘𛋒	1
𛋶𛉰𛆨𛋔𛉼𛆼𛉻𛊪𛇏𛅿	2
𛈒𛆻𛆒𛆭𛈁𛊙𛇐𛊰𛉘𛉶	0
𛋔𛉂𛋓𛇙𛇃𛅳𛉓𛉎𛊻𛈊	1
𛋘𛆱𛋝𛇏𛋗𛆑𛈣𛇾𛆼𛈽	0
𛆱𛊸𛋥𛉹𛋪𛇼𛊂𛋪𛇳𛊤	2
𛆼𛆶𛊛𛆹𛊟𛆼𛇲𛇂𛆥𛆤𛇬𛆝𛊭𛅻	1
𛅿𛈿𛈨𛅽𛆺𛆸𛇳	0
𛇯𛆄𛉈𛇮𛈣𛋝𛇂𛊝𛋳𛉵𛊗𛊂𛈘𛇤	0
𛅿𛆧𛉶𛋳𛋥𛉆𛇳	1
𛆌𛇤𛇏𛆈𛆉𛋳𛊔𛇷𛋶𛋔𛇾𛇝𛇈𛈛	1
𛆳𛆨𛊘𛉍𛊵𛈈𛋵𛈤𛆧𛈛𛇥𛊶𛋂𛋳	2
𛋖𛅿𛉺𛉊𛋗𛊟𛆙𛆠𛆥𛇋𛊙𛇭𛋔𛆽	2
𛇏𛈯𛅸𛋷𛅺𛇯𛋗𛇋𛈕𛈣𛇾𛇁𛆼𛊌	2
𛈨𛇰𛊶𛉅𛊌𛊍𛊝𛈡𛇕𛊜𛉖𛇰𛋆𛊶	2
𛋳𛆭𛇁𛋱𛇐𛋙𛇃𛉙𛈼𛇯𛆸𛇩𛆣𛇷	1
𛊚𛇇𛋓𛊍𛆱𛇕𛉱𛉝	1
𛅸𛇮𛉻𛉻𛇏𛇼𛉡𛊝	1
𛋙𛇀𛋳𛇏𛇫𛉤𛆠𛊨	1
𛉩𛋆𛈨𛇴𛉢𛉖𛈍𛆻	1
𛇈𛇃𛆷𛇐𛇁𛈚𛊻𛈌	1
𛉾𛊧𛉱𛋈𛇁𛈚𛆦𛊻	1
𛊮𛋐𛊝𛊳𛋰𛆱𛋟𛊝	2
𛊐𛋗𛇥𛅳𛇝𛇈𛇯𛊌𛇀𛋘	1
𛋆𛊵𛇮𛈷𛇈𛇹𛋟𛊤𛈤𛇙	1
𛇦𛊐𛊚𛊎𛅽𛋍𛋋𛇝𛉺𛇏	2
𛇏𛇬𛇈𛋮𛉊𛆌𛋒𛉵𛆱𛇐	2
𛇠𛈌𛈶𛆭𛆱𛇄𛆦𛆱𛈈𛈔	2
𛇈𛉓𛉶𛋗𛇏𛆑𛊫𛊺𛆣𛉖𛉖𛉌𛋋𛊯	1
𛆌𛇋𛋔𛅽𛆊𛆉𛅼𛅺𛆹𛆰𛊕𛋝𛆆𛆤	1
𛊵𛉟𛈘𛊻𛆨𛈶𛊻𛊰𛇏𛇩𛇯𛈌𛉩𛋣	0
𛇮𛉰𛈌𛊜𛈨𛉱𛅼𛅼𛋶𛊰𛇏𛇩𛇯𛆸	0
𛉵𛇝𛆸𛈷𛊎𛇁𛈷𛊚𛋆𛇯𛅹𛇫𛈣𛉒	0
𛊌𛋳𛇼𛊅𛊸𛆠𛈯𛉑𛊐𛈒𛆌𛇟𛇴𛇕	0
𛆿𛇆𛉻𛊝𛉍𛇇𛊿𛇩𛆰𛊉𛉫𛇃𛇕𛊨	0
𛊘𛇏𛇠𛇂𛇯𛈁𛋗𛊭𛋒𛆱𛊝𛊄𛋃𛆣	1
𛇯𛈔𛋥𛆈𛈨𛈰𛇃𛇄𛋂	0
𛋔𛇀𛇯𛆒𛈛𛈇𛈂𛊭𛉩	0
𛊜𛆳𛋇𛉄𛇐𛋈𛆹𛊎𛊝	0
𛊎𛆹𛆼𛈺𛈤𛆨𛇥𛇹𛇊	0
𛉢𛋛𛇏𛉺𛈅𛊌𛇤𛆐𛆺𛈤	1
𛋟𛊵𛈁𛇦𛊐𛇠𛇵𛊶𛉵𛊸	2
𛊌𛊬𛆳𛉫𛆿𛈫𛈫𛇷𛊹𛋒	1
𛇩𛇤𛋆𛇯𛉂𛈣𛋝𛆍𛈁𛆿	1
𛇪𛇈𛆳𛇼𛈫𛊭𛊌𛆞𛈤𛇤	2
𛅻𛈣𛇄𛉟𛅿𛇁𛉬𛇀𛈁𛇶	2
𛆣𛋀𛊯𛆱𛇏𛅽	1
𛆤𛊝𛊝𛋗𛇧𛇧𛈗𛇩	1
𛆤𛉱𛉱𛇩𛇓𛇓𛋆𛆪𛉤𛅾𛇝𛊞𛈿	1
𛈌𛉺𛆚𛆠𛇆𛆝𛋳𛈕	2
𛇈𛈚𛈌𛈣𛉢𛋐𛆕𛊌𛇤𛈌𛅸𛆽𛇄𛋂	2
𛈷𛆳𛆱𛈌𛉺	2
𛋐𛇈𛊶𛆠𛈨𛅸𛋆𛇯𛇙𛇕𛇆𛆼𛆸𛊛	2
𛉠𛇐𛊗𛋀𛊚𛋆𛋉𛈄𛆑𛆉𛉢𛉋𛆹𛊌	2
𛉒𛆸𛇾𛇃𛊧𛆸𛇕𛈄𛉄𛈽𛆭𛅳𛆨𛇐	0
𛉻𛇴𛉴𛈒𛆌𛈼𛇥𛆳𛆝𛋘𛇀𛋥𛆱𛇏	0
𛊄𛆣𛈒𛉼𛆹𛈒𛆠𛋟𛊝𛋂𛅾𛉦𛆳𛊤	1
𛆳𛊗𛋗𛇏𛆭𛋉𛇀𛈤𛆧𛈛𛇥𛇠𛇏𛈌	1
𛈻𛉊𛅿𛈏𛋣𛇊𛋙𛉸𛉸𛈣𛇶𛋠𛋉𛇐	1
𛆳𛅺𛅳𛆣𛆚𛈕𛇴𛈤𛇋𛊭𛇬𛋪𛈆𛉋	2
𛈅𛈅𛈽𛈌𛊚𛆓𛅸𛋈𛈣𛇊𛈯𛊣𛈾	0
𛆹𛆌𛈒𛇣𛇆𛇊𛉲	0
𛊭𛇏𛆱𛆝𛇥𛆺𛋥𛅿𛈿𛉢	0
𛇪𛆐𛊢𛇭𛈌𛉙𛆈𛇕𛆣𛉩𛇃𛊌𛋆	1
𛆼𛋘𛈱𛆆𛆻𛉵𛊘	2
𛇰𛆭𛈁𛆿𛅵𛋗𛆖𛅿𛊤𛈌	1
𛇰𛆒𛇽𛋙𛆙𛆼𛅿𛊻𛇋𛅸𛅳𛉊𛇰𛋛𛈨𛋆𛈗𛇀	0
𛅿𛈿𛈨𛅽𛋇𛊻𛅳𛇥𛆤𛊢	0
𛅻𛈌𛊚𛇂𛋈𛇊𛈯𛆉𛇰𛆠𛇋𛅳𛇵	1
𛉘𛆇𛈨𛇙𛅳𛋛𛆹𛆊𛈅𛆝𛊥𛇎𛉎	1
𛋈𛊍𛊯𛉲𛋭𛉤𛇲𛈀𛉉𛆻𛆉𛆬𛊗	1
𛈌𛇏𛇄𛋶𛆼𛆸𛈁𛆿𛇮𛋓	2
𛉖𛊩𛇕𛇝𛉰𛆥𛅿𛊻𛊾𛉌𛅹𛈾𛈤𛊣𛆐	1
𛅷𛋌𛇕𛆭𛊤𛅿𛆃𛈽𛆽𛆌𛆌𛊫𛋆	2
𛉘𛈅𛋙𛊢𛈁𛊭𛊉𛅿𛈻𛈖𛇏𛇳𛆐	1
𛅳𛇏𛇄𛋪𛆼𛊵𛇐𛇟𛈌𛇃	2
𛉼𛉼𛊭𛊭𛋴𛋴𛉒𛉒	0
𛉑𛈾𛇐𛊨𛆸𛋄𛊶𛈷𛈼𛅿	0
𛆊𛇲𛅱𛈖𛋠𛊟𛋩𛋮𛆶𛈈𛇤𛋆𛊐	0
𛊂𛉘𛇁𛇆𛉶𛇹𛅼𛆹𛆝𛆸𛉵𛊗	0
𛋪𛊤𛊨𛈣𛆬𛊈𛆞𛇂𛉝𛇄𛆭𛈶𛉅𛉲𛋓	0
𛆞𛊖𛉱𛇈𛋥𛈤𛋩𛇏𛋀𛋚	0
𛇯𛆒𛋫𛉿𛅿𛅷𛇼𛊨𛆙𛉸𛉸𛆒𛆒	0
𛋔𛇠𛋩𛅰𛆅𛊝𛈤𛅹𛋀	0
𛇐𛋗𛈷𛇐𛋗𛈷𛈁𛆦𛋗𛆭𛊃𛇥	0
𛈽𛋆𛉖𛋈𛋶𛈶𛆸𛋔𛋫𛉍𛊘𛉒𛉱𛉝	2
𛉝𛅺𛊶𛆍𛆺𛆤𛊢𛇁𛉎𛇇	2
𛉟𛇂𛇾𛋀𛊭𛇄𛋱𛊄𛈶𛆧𛇊𛋶𛅸𛇤	2
𛆤𛇏𛈻𛆏𛉎𛈶𛈍𛆉𛆭𛈗𛈯𛇐𛋷𛇤	2
𛊪𛆔𛊝𛈗𛉝𛈄𛉄𛊢𛉎𛇇	2
𛅻漠𛋰𛊫𛋔𛈽𛊕𛋝𛇈𛆧	1
𛇾𛇈𛋷𛇾𛇈𛇾𛇈𛇮𛊻𛈁	0
𛈻𛇏𛅻𛇾𛇈𛈄𛅵𛈒𛊼𛇭	0
𛅳𛇏𛈤𛇰𛉅𛇯𛊅𛇋𛉛𛈁𛇹𛉓𛊧𛊭	2
𛈽𛋆𛉖𛋈𛋶𛈶𛆸𛋔𛉌𛉍𛊘𛉒𛉱𛉝	2
𛉖𛇕𛇈𛆴𛉛𛊪𛊈𛇈𛉖𛆐	2
𛇽𛉓𛈩𛅹𛊝𛇥𛆉𛉄	2
𛈥𛆹𛇀𛆥𛈉𛇺𛆳𛆱	2
𛊸𛆑𛋵𛇰𛇰𛋪𛈠𛆑𛆗𛋛𛆖	1
𛊟𛈺𛈥𛇠𛊼𛈵𛈺𛋈𛇠𛆗	1
𛋟𛆈𛊨𛇏𛊍𛋳𛊝𛇪𛉍𛇏𛈫𛈶𛅳𛉊	2
𛊭𛊌𛇎𛋨𛋆𛇇𛆨𛈊𛆱𛉢𛆱𛅱𛇃𛈣	2
𛋥𛇇𛇁𛉤𛋆𛇙𛇏𛆈𛈶𛊨𛅹𛈛𛋙𛇾	2
𛊌𛊻𛆒𛇯𛆨𛇤𛊐𛇩𛋥𛇯𛅳𛆝𛈤𛊄	0
𛊌𛈣𛉩𛇃𛇮𛆸𛅹	0
𛉚𛅵𛆍𛈁𛆿	0
𛅿𛈰𛈱𛇩𛇁𛊚𛋆𛉘𛈅𛆳𛉲𛇳𛆞𛇃𛇾𛈌	0
𛅾𛋂𛉚𛆻𛊉𛊢𛇥𛆑𛆹𛉙𛈕𛊿	0
𛉟𛊵𛈷𛈶𛆺𛈁𛊝	0
𛆞𛊝𛆼𛈌𛊌𛅸𛆈𛊚𛇋	1
𛆤𛇷𛈌𛋇𛉤𛈌𛇶𛆽𛅸𛊚𛇋𛊝𛇠𛇳	2
𛆇𛈀𛊭𛇏𛉵𛆬𛈚𛋰𛊘𛆼𛇙𛇈𛇙𛇤	1
𛋭𛇉𛉊𛆝𛆼𛅸𛆃𛈌𛇏𛆑𛈅𛉅𛈯𛇏	0
𛊌𛋆𛇁𛆽𛈌𛉺𛈀𛇾𛇃𛇮𛆸𛉓𛈻𛇐	0
𛆉𛇏𛋒𛆌𛋔𛈄𛊝𛅳𛈌𛋆	0
𛋰𛆝𛊾𛇟𛇕𛋥𛅹𛊨𛈌𛊗	0
𛈅𛉖𛇏𛊕𛇥𛈒𛊌𛉤𛇀𛈛	0
𛊦𛆸𛈣𛇝𛇟𛊲𛊎𛋒𛋭𛇹	0
𛈮𛆕𛉹𛆊𛇃𛉊𛈬𛋒𛈄𛆭	0
𛇪𛇊𛊜𛋫𛋇𛆙𛇄𛆳𛋐𛉾	0
𛋳𛆝𛆹𛈀𛆉𛊘𛉘𛈐𛋙𛋋𛇊𛈄𛇀𛊌	2
𛆭𛇈𛇜𛊵𛋰𛆼𛆶𛇆𛋆𛇲𛊟𛇗𛋭𛋙	2
𛆚𛇯𛆍𛆸𛋓𛉰𛊌𛆍𛆐𛇏	2
𛉅𛋆𛋳𛇄𛇩𛇁𛇵𛅿𛇯𛉂	1
𛇩𛊝𛉍𛋔𛋚𛈌𛈒𛆕𛋥𛇾	1
𛆿𛆣𛉢𛊗𛈫𛈣𛊪𛆻𛇕𛈒	1
𛅾𛋳𛇪𛅹𛉝𛉍𛆃𛆉𛉄𛈌𛉹𛅰𛇈𛇐	2
𛆇𛈀𛉍𛉂𛊹𛆳𛇭𛊯𛆝𛆱𛉘𛈄𛊪𛇏	2
𛇛𛋙𛈌𛉩𛊧𛋡𛋥𛉄	2
𛅻𛆍𛈱𛇠𛈐𛉿𛈝𛆑𛊢	1
𛇾𛇃𛆺𛆸𛈶𛉎𛊟𛉟𛊭𛆤	1
𛆳𛆍𛆤𛆈𛈌𛉛𛆭𛅿𛆹𛇮𛆥	1
𛈻𛇄𛋙𛋆𛈘𛇂𛇁𛊩𛊝𛈰𛉚𛅷𛋂𛈫𛆳𛋐𛊨	1
𛆻𛅷𛊚𛊭𛈇𛇮𛊝𛇥𛅳𛆃	2
𛋺𛉙𛉦𛆒𛆱𛆖𛉓𛇯𛊬	0
𛆳𛆱𛈶𛊲𛇮𛆹𛈽𛆈𛊎𛆸𛆧	0
𛅳𛈶𛊰𛊧𛊎𛈩𛇃𛈶𛆱𛊭𛆧𛉛𛇠𛆹𛇰𛈷𛈆	1
𛉻𛋟𛅳𛈽𛆆𛆉𛉄𛈌𛊥𛊵	2
𛉿𛉊𛉱𛉱𛇪𛋗𛊄𛈊	1
𛈂𛆨𛆱𛅳𛇥𛅸𛆼𛆠	2
𛈂𛇳𛋳𛆷𛋛𛊽𛊴𛈽	0
𛈂𛊢𛋳𛆷𛆨𛇥𛅸𛈌𛈍	1
𛈘𛈘𛊐𛇲𛇥𛊕𛆷𛆝	1
𛊺𛉑𛊼𛆁𛊵𛆑𛇉𛆝	2
𛉾𛊾𛊁𛈠𛇍𛇁𛇋𛆷	1
𛊺𛉑𛊼𛆁𛈕𛋉𛆝𛆷	2
𛉿𛉊𛉱𛉱𛇪𛋗𛆨𛈊	1
𛈂𛆨𛆱𛅳𛇥𛅸𛆷𛆠	1
𛈂𛇳𛈽𛈤𛋛𛊽𛇠𛈽	0
𛈂𛊢𛈽𛈤𛈄𛇥𛅸𛈌𛈍	1
𛉿𛉊𛇦𛇦𛇪𛋗𛆨𛆱	1
𛈂𛆨𛆱𛅳𛇥𛅸𛈤𛊿	1
𛈂𛇳𛈽𛈤𛋛𛊽𛇠𛇁	0
𛈂𛊢𛈽𛈤𛈄𛇥𛅸𛈌𛆑	1
𛆝𛈤𛆳𛋀𛉍𛋉𛊸𛆖	0
𛇁𛊳𛇁𛊳𛇆𛋺𛇑𛆹	0
𛉾𛈟𛊁𛈠𛇍𛇁𛇦𛈤	1
𛊺𛉑𛊼𛆁𛊝𛈯𛈶𛈤	2
𛉾𛈟𛊁𛈠𛇍𛇁𛇷𛈤	1
𛊺𛉑𛊼𛆁𛈌𛇰𛋧𛈤	2
𛆖𛋫𛆳𛈷𛆰𛊘𛋋𛆳𛈷𛊺	2
𛆨𛇯𛆳𛈷𛆩𛇠𛆷𛆨𛅻𛊪𛆔	2
𛊃𛋀𛊦𛋶𛆉𛈄𛆃𛅻𛇞𛆤𛅽𛊨𛆹𛋔𛊧𛈕	2
𛋆𛇯𛆳𛆒𛊃𛇄𛇏	2
𛉘𛆤𛈼𛈼𛅻𛊉𛆱𛆹𛅳𛇁𛉎𛇚𛇰𛊻𛇹𛊝	0
𛈰𛊻𛆭𛆐𛊃𛊻𛋒𛆔	0
𛉲𛆐𛊻𛈛𛇐𛇮𛋈𛊻𛈂𛊄	0
𛈂𛆱𛆒𛇹𛅺𛉾𛋳𛇩𛊻𛈂𛆳𛈷	1
𛉅𛈶𛈅𛊺𛆖𛊼𛆳𛆍𛊻𛆑𛇁	1
𛉅𛈶𛊝𛋛𛆖𛉬𛆳𛆍𛊻𛋌𛇁	1
𛆹𛉘𛉬𛈔𛇌𛆍𛆳𛇭𛆝𛈔𛇌𛆍𛋫	1
𛆍𛆳𛇭𛈔𛇌𛈷𛈤𛇑𛇁	2
𛆍𛋫𛈔𛇌𛈷𛈤𛊻𛇁	2
𛉘𛇈𛆝𛉬𛉵𛇗𛇁	2
𛋆𛉂𛇯𛉂𛋥𛈬𛉂𛉂𛉂𛅱𛅺	1
𛈅𛅵𛉊𛅵𛆤𛅽𛅵𛅵𛅵𛇕𛇹	1
𛅵𛈷𛆍𛇭𛇺𛈾𛋧	2
𛅳𛇼𛇯𛆝𛉞𛈤𛋂	2
𛆳𛆌𛈤𛆺𛆼𛆌𛉣𛆤	2
𛆳𛇾𛈤𛆺𛆼𛇾𛋭𛅳	2
𛉖𛉬𛈤𛈛𛋆𛈤𛉍𛊸𛈤	1
𛇾𛆦𛈤𛅼𛇐𛈤	2
𛉎𛇝𛆠𛋳𛇀𛇟𛈚	2
𛊬𛈣𛉶𛇪𛇰𛊨𛇤	2
𛆌𛋠𛉖𛇯𛆱𛇾𛊝	2
𛆌𛉀𛉽𛇯𛆱𛊝𛋟	2
𛋗𛉟𛉟𛊻𛉪𛋟𛆩	1
𛇯𛈼𛆈𛅽𛇈𛆝𛈂	1
𛊐𛆑𛆷𛆞𛆱𛆑𛈩𛇽	2
𛆿𛆥𛆱𛇼𛉬𛈷𛈒	0
𛆼𛆄𛇕𛆱𛆳𛆄𛊯	1
𛇊𛈻𛆱𛇀𛊤𛇣𛆷𛆱𛊝𛊺	2
𛋂𛇏𛉯𛅹𛇆𛇐𛇐𛅹	2
𛈄𛅵𛇄𛆱𛆼𛊘𛋆𛊍	2
𛊝𛈯𛇥𛇄𛋖𛆳𛉽𛇉	2
𛇫𛊢𛋌𛇰𛊝𛈌𛆑𛊻𛋌𛇜	2
𛇫𛊢𛇰𛊝𛊝𛇥𛋂𛇏	2
𛈌𛆑𛊻𛆴𛋌𛇝𛊢𛊢𛊼𛇁𛆎𛇏	2
𛊝𛇥𛇋𛅸𛋌𛇝𛈿𛈿𛊼𛇁𛈌𛊕	2
𛅸𛋗𛉤𛇀𛈤𛈣𛆄𛋨𛈖𛋐𛆠	2
𛈁𛊤𛋟𛇾𛋥𛋨𛊐	2
𛈤𛉄𛊤𛇤𛆓𛅳𛋐𛋨𛇀𛈁	2
𛇄𛋥𛋨𛉹𛈤𛈚𛆱𛈥𛇈𛆳𛆱	2
𛆃𛊭𛉹𛇈𛆳𛆱	2
𛈌𛉭𛇒𛋔𛆳𛈚𛆳𛈤	2
𛉶𛋟𛇩𛊭𛊭𛊭𛉽𛉓	2
𛆄𛋟𛇕𛇈𛆳𛆄𛊗𛉝𛊂	1
𛇄𛆨𛊐𛈣𛈤𛋡𛋤𛈖𛇁	2
𛇀𛈁𛈣𛈤𛆖𛋫𛈖𛇁	2
𛉹𛈣𛈤𛊵𛆑𛈖𛇁	1
𛆱𛊐𛈤𛋨𛊤𛇌𛇚𛈶𛇷	1
𛉹𛈤𛋨𛊤𛇄𛈖𛇮𛅳	1
𛇀𛈁𛈤𛋨𛅺𛇰𛊪𛆼	1
𛊵𛆑𛆱𛆂𛋶𛈶	1
𛉬𛇈𛆳𛊸𛈤𛋪𛊸𛇈𛆳𛉬𛈤𛅻	1
𛊢𛈻𛈂𛇁𛇁𛈾𛇗𛇁𛈻𛈂𛇁𛇁	2
𛅱𛈖𛆳𛆄𛋀𛉿𛉝𛊢𛇈𛉛𛈾𛇗𛈖𛇁	1
𛇏𛇁𛈻𛈂𛇁𛇁𛅺𛇁𛈻𛈂𛇁𛇁	0
𛅱𛈖𛆳𛆄𛋀𛉿𛉝𛇏𛇈𛉛𛅺𛈖𛇁	1
𛈶𛊘𛈤𛋟𛆠𛇤𛆳𛇁𛋧𛇰	0
𛊵𛆑𛈒𛅳𛆷𛋪	2
𛆙𛇰𛆍𛊛𛇟𛈖𛋧𛅸	2
𛅳𛈖𛋧𛇏𛇟𛈖𛆒	2
𛅳𛈖𛉽𛇟𛈖𛋧𛅳𛈖𛉬	1
𛋉𛇈𛆚𛉬𛆳𛆸𛅽𛋆	2
𛇝𛊁𛊸𛉑𛇝𛆳𛊁𛇈𛆫𛈤𛊜𛇁	2
𛆹𛆳𛆄𛆱𛆳𛉢𛅺𛊉𛊻𛇈𛋛𛋟	2
𛉖𛉬𛆱𛆂𛆴𛆷𛆱𛅹	2
𛆳𛊈𛊵𛉖𛇯𛆱𛊝𛆉𛉄	2
𛆳𛊈𛅿𛇋𛇯𛆱𛈒𛈌𛉝	2
𛊮𛊨𛋋𛇌𛆍𛉵𛇫𛆷𛇌𛆍𛇁	2
𛆉𛉄𛆷𛇐𛇴𛆱𛇭𛅽	2
𛇯𛇾𛇾𛆷𛊝𛈖𛇯𛋔𛋔𛆷𛇾	2
𛇯𛆙𛆙𛆷𛅵𛈖𛇯𛆙𛆙𛆷𛇕	1
𛉽𛈒𛈂𛊝𛆭𛊍𛊄𛇶	1
𛋛𛆄𛋛𛆌𛈾𛋛	2
𛇾𛆄𛇾𛆌𛈾𛇾	2
𛆍𛅳𛈖𛊝𛈤𛆍𛈖𛇾	2
𛈔𛉎𛉡𛇐𛉎𛇰	2
𛉬𛇈𛆸𛆓𛆷𛆳𛇁𛋶𛇰	2
𛈶𛊘𛈤𛋟𛆠𛇤𛆳𛇁𛋧𛇰	2
𛅳𛆳𛆍𛇈𛆳𛇩𛆳𛇁𛊵𛆑𛇰	2
𛇯𛇈𛆊𛊜𛇯𛈛	2
𛊄𛅳𛉟𛇈𛆳𛈌𛇰	2
𛇄𛊘𛈶𛆝𛇈𛆳𛉡𛇰	1
𛆈𛋌𛇁𛅸	1
𛈌𛇏𛋆𛇯𛆻𛉱𛊨	1
𛇫𛈄𛈾𛊸𛉘𛅻𛈌	1
𛇰𛆻𛉴𛋅𛆭𛋐𛊈	2
𛆤𛆠𛊤𛋷𛊙𛇈𛉲	2
𛅺𛈼𛋐𛈈𛊋𛊝𛆄	2
𛆳𛆄𛇰𛇾𛉬𛇲𛆧	2
𛈆𛆤𛇁𛈶𛊭𛆤𛇁𛇼	2
𛅳𛆃𛇆𛋛𛆹𛇴𛈊	2
𛇏𛇨𛇀𛉊𛇙𛆨𛅽𛊃	2
𛇆𛇳𛆞𛊎𛆤𛆊𛅼𛆊	2
𛇏𛇼𛉝𛆌𛈌𛉉𛇭𛊎	2
𛋆𛆒𛊐𛈄𛇀𛊪𛊢𛈪	2
𛇏𛇠𛉖𛊭𛆤𛈌𛆨𛉒	2
𛆤𛇁𛅻𛉘𛆱𛇭𛊻𛆃	2
𛆌𛆞𛋳𛈤𛇂	2
𛋫𛇾𛉲𛋴𛈔𛉵𛆈	1
𛇰𛊭𛊻𛉅	0
𛋵𛉫𛇓𛈨𛋗𛊝𛊲	0
𛈥𛇟𛇁𛉀𛇐𛇭	0
𛆍𛊃𛋶𛋋𛆠𛈬𛅺	0
𛉘𛋵𛋃𛋃𛉍𛈌𛉍	0
𛆢𛅳𛆃𛆍𛆺𛇯𛇯𛋆	0
𛉓𛋀𛉰𛆥𛉤𛆈𛆌	1
𛉢𛊵𛆬𛉄𛉟𛉵𛊄	2
𛈽𛆭𛆳𛆹𛈷𛉲𛇈	1
𛊪𛆻𛆠𛊄𛅻𛋆𛊹	1
𛆸𛊂𛉟𛇷𛊼𛅻𛋒	2
𛋙𛋔𛈽𛅿𛇼𛈡𛆌	2
𛊵𛆭𛆳𛇐𛊎𛅳𛆓	2
𛈅𛈶𛅺𛈷𛆄𛋆𛉅	2
𛈻𛊼𛆝𛈿𛊵𛊼𛇋	0
𛈿𛇋𛊯𛈿𛋔𛆈𛊪𛇮𛆆	0
𛋆𛉡𛊢𛇕𛇮𛈂𛈶	1
𛊢𛇕𛊘𛈚𛋫𛈣𛆆	1
𛋔𛇀𛈾𛊢𛈬𛊦𛉋	0
𛈄𛉄𛈽𛉲𛇠𛊄𛈌𛆙𛇯	2
𛋷𛇣𛅳𛆃𛋳𛆖𛇰	2
𛇟𛆌𛆬𛈱𛊯𛊘𛇯	0
𛉢𛊵𛆳𛇲𛋟𛆭𛈷	2
𛈄𛅸𛆉𛇏𛈤𛉠𛇐	2
𛈕𛉼𛆭𛊺𛆒𛅿𛋈	2
𛉍𛇓𛋅𛉖𛈖𛈥𛆨	2
𛆭𛊾𛅸𛇲𛉍𛊢𛈾	1
𛅻𛋥𛊻𛊄𛉐𛈂𛊨	0
𛋫𛆻𛉋𛇏𛆉𛉄𛊗	2
𛆊𛊵𛉘𛇌𛈯𛇶𛈕	2
𛆆𛅺𛇏𛆈𛇪𛉍𛆌	1
𛅹𛆑𛋙𛋆𛅽𛇂𛊄	1
𛊰𛊶𛆼𛈤𛆉𛆒𛇟	0
𛉢𛉡𛈄𛉸𛇫𛊻𛈡	1
𛆒𛊭𛉖𛈍𛉹𛆤𛊗	1
𛈽𛇼𛅳𛋸𛆒𛊤𛊸	2
𛈻𛇁𛆱𛆷𛋪𛅾𛋸	2
𛇮𛈿𛈅𛉄𛈯𛅾𛆌	2
𛅳𛇏𛆱𛇼𛆤𛈷𛇼	1
𛊮𛊮𛊻𛈿𛆭𛇁𛊻𛈿	1
𛊪𛊤𛊨𛈣𛆙𛇒𛉶	2
𛆼𛆥𛆼𛋥𛉩𛋆𛇝	1
𛆳𛊝𛊌𛇕𛋐𛊝𛊌𛇕	2
𛅾𛋸𛈌𛆤𛈄𛉄𛈊	1
𛆤𛋂𛉍𛋠𛈈𛋇𛉺𛆌𛊂	0
𛆳𛇼𛈽𛈒𛆌𛆚𛊧	2
𛆩𛆑𛊨𛈆𛅱𛈄	1
𛆜𛋅𛇏𛆈𛋂𛆠	1
𛉢𛊻𛇓𛉉𛈨𛋆	2
𛆭𛇈𛈽𛊫𛇥𛆞	1
𛇮𛆸𛆖𛇭𛉱𛉴	2
𛇎𛋳𛊨𛆽𛊭𛋂𛆑	1
𛉅𛋣𛉝𛈏𛉰𛉲𛇯	1
𛇯𛇌𛋷𛊝𛈿𛈘𛇏𛋮𛋮𛉱	1
𛉰𛆥𛇿𛊪𛊐𛉻𛆒𛋋𛊌𛉎	0
𛈉𛉸𛇠𛈘𛇏𛆭𛅾𛋫𛆚𛆣	2
𛋆𛇯𛉡𛊌𛈘𛆌𛊗𛋍𛊌𛇼	2
𛆱𛆹𛈒𛊢𛇫𛊪𛋆𛊢𛈶𛈣𛈤𛆞	2
𛆞𛇁𛆳𛋩𛊌𛈤𛊷𛊌𛇤𛇣	2
𛅻𛇼𛇏𛈣𛋈𛇓𛆸𛆒𛇥𛋳𛈌𛅿	2
𛅻𛇯𛋝𛇁𛊂𛇪𛋈𛋃𛆤	1
𛉒𛊨𛇼𛇒𛋆𛊢𛈒	1
𛆼𛇙𛈈𛈿𛋗𛆳𛇝𛆍𛆈𛉅𛇙	1
𛋟𛅵𛋒𛆉𛆥𛆨𛇯𛆌𛇙	1
𛊚𛇇𛋓𛊍𛈶𛆱𛈐	1
𛇮𛈯𛉩𛋆𛆭𛇁𛆹𛊧𛅹𛅳𛆃	2
𛊚𛆠𛇁𛆿𛇀𛋛𛊵𛇐𛈖	2
𛋥𛇙𛊭𛇏𛅳𛆨𛇼	2
𛆠𛇆𛋔𛇙𛋥𛆚	2
𛋶𛈾𛈒𛇒𛋂𛆠	1
𛋊𛉹𛋔𛋓𛊚𛇾	1
𛊪𛆹𛆑𛆣𛉺𛇩	1
𛋫𛉊𛋍𛋍𛋴𛋴	2
𛆑𛇥𛊯𛆈𛆴𛆓𛈖𛇄𛊸𛆔	0
𛆼𛊻𛆌𛉌𛉺𛉜𛆤𛆉𛆦𛉭𛋥	2
𛋫𛇟𛈨𛈌𛊍𛉎	1
𛋓𛋇𛉍𛇏𛉍𛇯𛋂𛊗𛈚𛆦𛋘	2
𛋙𛆁𛊉𛇯𛈌𛉰𛋭𛆓𛆄𛋙	2
𛆏𛋡𛈽𛊾𛅸𛇁𛊼𛇯𛈾𛊢	1
𛈄𛉄𛈽𛈌𛊄𛋥𛋔𛇀𛉤𛆤𛈬	2
𛆳𛊦𛋆𛆪𛋈𛋆𛋐𛊝𛇐𛊭𛉡𛉖	2
𛆭𛇈𛋀𛉲𛇄	2
𛉎𛆈𛉢𛊻𛅶𛋝𛉓𛈨𛋆𛇓𛉉𛋰𛈒	2
𛉎𛊃𛅳𛇵𛆼𛆸𛊛	1
𛆒𛈌𛇶𛊂𛋶𛋔𛅻𛈚𛈰𛅳	2
𛆉𛇞𛆼𛈤𛉅𛆱𛊝	2
𛆊𛆉𛇷𛈯𛉽𛈐	2
𛋮𛋥𛇶𛆈𛉒𛇏𛊚	1
𛈱𛆤𛆂𛅿𛈖𛆭𛇈𛇯𛈼𛊵	2
𛆊𛆈𛉜𛋂𛆠𛊨𛆝𛆼𛈈𛉲	1
𛆌𛋹𛊭𛇙𛋙𛊤𛈣𛉼𛆈𛋆	2
𛈥𛇤𛋳𛋌𛆑𛉼𛇂𛆬𛋪𛅳	2
𛆼𛇙𛅶𛅶𛅽𛊧𛋍𛈶𛆨𛆰	2
𛅰𛅽𛅱𛆊𛉄𛊭𛊌𛈗𛈕𛉊	1
𛈰𛅻𛆜𛅲𛈱𛅴𛆆𛆹𛈤𛈣	1
𛉗𛇯𛇈𛉰𛈕𛊧𛆒𛇯𛅽𛊔	1
𛊃𛇟𛋅𛈌𛉱𛆍𛆍𛇧𛇹𛇰	1
𛈉𛋋𛇾𛇃𛇕𛇷𛅽𛇪𛋇𛈊	1
𛇩𛆻𛈈𛇾𛇃𛅾𛇊𛊸𛉘𛉶	0
𛅳𛉊𛇦𛆽𛈿𛆶𛇃𛆈𛆤𛋰	2
𛇪𛇷𛊘𛆽𛅸𛉢𛇗𛊭𛆱𛆑	2
𛆼𛆥𛈤𛉓𛇥𛆱𛊌𛆼𛇈𛈤𛉓𛇥𛆱𛋙	2
𛆼𛉊𛈤𛉓𛇥𛆱𛇮𛆼𛇏𛈤𛉓𛇥𛆱𛊝	2
𛋓𛅳𛈤𛇹𛋓𛆺𛆴𛆺𛈤𛇹𛆴𛅳	2
𛆞𛇉𛇄𛇛𛋅𛆱𛇄𛈒	1
𛉼𛆄𛆖𛈻𛈦𛉟𛆖𛅳	2
𛇥𛆊𛈬𛊻𛆹𛆒𛆼𛉟𛇂𛊛	0
𛇰𛇏𛊢𛆄𛊝𛅳𛉬𛆳𛉲𛋴	0
𛇤𛋶𛆹𛆌𛆆𛇙𛆹𛅵𛆌𛅳	1
𛋟𛅸𛈷𛆝𛊝𛆕𛋟𛋴𛆳𛇄𛊝𛇇	1
𛆠𛇋𛇮𛈍𛊯𛆱𛈁	1
𛇕𛆱𛊝𛋋𛇈𛇃𛇄𛇏	1
𛆤𛆸𛆳𛇄𛊤𛇟𛊤𛆍𛆳𛇄𛅳𛇯	2
𛊨𛆭𛆳𛊄𛋫𛊃𛆖𛋔𛋋𛈁	2
𛆓𛆈𛆨𛈺𛉌𛅽𛉞𛊸𛉴𛊄𛈶𛋥𛈬𛋂	2
𛆓𛆃𛆚𛅺𛈬𛋶𛈯𛆤𛅽𛇾𛇏𛉓𛉿𛈁	1
𛆨𛋌𛊶𛆖𛈱𛉦𛈷𛊤	2
𛈿𛈶𛋫𛇄𛆷𛊸	2
𛈶𛋊𛆳𛆃𛊾𛉲𛈘𛈶𛈬𛆳𛋥𛆑𛊍𛇄𛊾	0
𛊤𛊵𛆼𛇩𛋶𛋐𛋥𛅵𛆥𛈬	2
𛅳𛆳𛆤𛇰𛆭𛇀𛊞𛇄𛆭	0
𛇓𛇓𛈗𛉝𛅳𛇯𛉅𛈏𛆅𛉺𛇈𛆹𛊪𛆔	1
𛇲𛊟𛆍𛈒𛆻𛆚𛊙𛊨𛆭𛈗𛉑𛊄𛈀𛈬	2
𛆝𛅳𛆼𛈑𛋐𛊪𛅲𛊐𛊘𛋥	0
𛈒𛇷𛊼𛆕𛇔𛋔𛋣𛊢	0
𛊭𛋋𛇏𛈢𛉤𛆚𛅵𛆳𛇄𛇯	2
𛉚𛆝𛇏𛆖𛋫𛈬𛅽𛊅𛆃𛆔	2
𛇫𛆥𛈒𛆷𛆳𛇭𛆼𛉄𛆌𛆷𛈶𛇄	0
𛅲𛅵𛇰𛇤𛊼	1
𛈍𛇈𛅻𛇼𛊈𛋸𛋅𛋔	2
𛉅𛆚𛈤𛉊𛆄𛆱𛇯𛋔𛈍	2
𛈾𛈼𛈶𛆸𛊸𛇯𛇈	2
𛆼𛊮𛆁𛆞𛆈𛉙𛅱𛊮𛆁𛊶𛊐𛊫	2
𛆊𛊮𛉬𛇐𛇁𛉬𛈖𛈗𛊮𛊹𛋂𛅱𛈠𛆧	2
𛈕𛊮𛆇𛉖𛉤𛉗𛆱𛆜𛊮𛆇𛇀𛈍𛋳𛊫	2
𛅲𛊮𛊎𛆈𛊐𛅿𛇎𛅴𛊮𛆈𛊌𛊀𛅿𛊾	2
𛅰𛆇𛆄𛆑𛆬𛇀𛈁𛅱𛆇𛆭𛋒𛆬𛋆𛊨	2
𛆊𛆇𛆤𛆈𛊢𛇓𛇃𛈗𛆇𛊤𛆑𛇣𛇕𛆱	1
𛈕𛆇𛈕𛆑𛇤𛇐𛉬𛆜𛆇𛋙𛇚𛆽𛆒𛋆	1
𛅲𛆇𛆈𛆤𛅲𛈖𛋉𛅴𛆇𛊸𛆑𛈅𛋜𛆝	2
𛆆𛆇𛊨𛉴𛇤𛆓𛅸𛅵𛆇𛉄𛊢𛉕𛉴𛇷	2
𛆼𛇂𛆤𛆈𛊢𛇓𛇃𛅱𛇂𛊸𛆑𛊩𛋜𛆝	2
𛆊𛇂𛆊𛉾𛆊𛊐𛅺𛈗𛇂𛊤𛆑𛇣𛇕𛆱	2
𛈕𛇂𛈕𛇘𛋝𛆂𛇆𛆜𛇂𛆭𛋒𛆬𛋆𛊨	2
𛅲𛇂𛆤𛆈𛅲𛈖𛋉𛅴𛇂𛋙𛇚𛆽𛆒𛋆	2
𛆆𛇂𛊨𛉴𛇤𛊗𛅸𛅵𛇂𛉄𛊢𛉕𛉴𛇷	2
𛊾𛉖𛈚𛇏𛆱𛈿𛋒𛆳𛆴𛇫𛆑𛇶𛆘𛊹	2
𛊹𛋀𛋂𛉂𛅳𛉛𛅿𛊹𛋀𛅾𛉂𛅳𛆳𛇷	2
𛇚𛇶𛆭𛉚𛈣𛇌𛊐𛆨𛆘𛊤	1
𛋆𛇶𛈆𛆤𛅽𛊵𛇥𛆓𛆃𛅳	0
𛈶𛆁𛆳𛋶𛉌𛉌𛅱𛊻𛋒𛅽	0
𛇩𛉄𛊤𛈙𛆙𛉟𛈪𛇲𛆳𛇲	0
𛈛𛇎𛉴𛈉𛆪𛉚𛋮𛆞𛇁𛆂𛇞𛉸𛆭𛉙	1
𛆚𛆪𛊭𛊫𛈤𛇤𛆨𛉢𛊚𛉓𛇖𛆺𛆸𛈀	1
𛊌𛆤𛆳𛅽𛆻𛈗𛉓𛆳𛇶𛈣	0
𛆼𛆸𛊐𛆦𛋛𛆼𛆸𛊐𛈨𛉊	1
𛆈𛇧𛇁𛈶𛆽𛈿𛈵𛅽𛇧𛈣𛊟𛋪𛈒𛉶	2
𛇧𛇊𛊊𛈌𛊭𛊬𛆑𛉪𛈬𛇣𛇝𛆣𛆑𛊤	1
𛅰𛇣𛇚𛇏𛊄𛆖𛇀𛅱𛇣𛇚𛇏𛊄𛉍𛇘	1
𛆊𛇣𛆊𛆉𛆒𛅹𛆑𛈛𛈛𛅹𛇣𛇈𛊸𛊤	1
𛈗𛇣𛈓𛅳𛈼𛆧𛅹𛇞𛉋𛈏𛊍𛈬𛉋𛉵	1
𛇪𛋈𛊤𛇐𛊤𛇽𛇎𛇩𛆃𛊤𛇣𛇁𛊤𛈉	2
𛊣𛅻𛇩𛈸𛉹𛈡𛉅	1
𛉹𛈡𛆳𛊱𛇚𛆈𛈉	1